Threads,Time (seconds)
1,3.632613
2,2.143149
4,1.272167
8,0.766051
16,0.895157
