Threads,Time (seconds)
1,1.075245
2,0.638649
4,0.419009
8,0.257852
16,0.192698
