Threads,Time (seconds)
1,0.906421
2,0.651979
4,0.384751
8,0.262912
16,0.234911
