Threads,Time (seconds)
1,0.209954
2,0.151385
4,0.103827
8,0.062765
16,0.062356
