Threads,Time (seconds)
1,5.00806
2,2.892741
4,1.594379
8,1.050572
16,0.734707
