Iter	Interp
1	1.254728
2	1.244284
3	1.294574
4	1.264434
5	1.254398
6	1.243346
7	1.286819
8	1.262758
9	1.296222
10	1.249305

Total Interpolation Time: 12.650868 seconds
