Iter	Interp
1	0.867134
2	0.906201
3	0.856416
4	0.827367
5	0.854913
6	0.862807
7	0.837613
8	0.855591
9	0.861837
10	0.863295

Total Interpolation Time: 8.593174 seconds
