Iter	Interp
1	0.776505
2	0.774353
3	0.779262
4	0.781676
5	0.774943
6	0.775662
7	0.773303
8	0.773271
9	0.776406
10	0.775274

Total Interpolation Time: 7.760655 seconds
