Iter	Interp
1	2.230000
2	2.240000
3	2.230000
4	2.230000
5	2.230000
6	2.240000
7	2.230000
8	2.230000
9	2.250000
10	2.240000

Total Interpolation Time: 22.350000 seconds
