Iter	Interp
1	2.560000
2	2.500000
3	2.510000
4	2.510000
5	2.540000
6	2.570000
7	2.540000
8	2.500000
9	2.500000
10	2.530000

Total Interpolation Time: 25.260000 seconds
