Iter	Interp
1	2.550000
2	2.550000
3	2.560000
4	2.560000
5	2.550000
6	2.550000
7	2.560000
8	2.550000
9	2.560000
10	2.580000

Total Interpolation Time: 25.570000 seconds
