Threads,Time (seconds)
1,1.762927
2,0.99191
4,0.541192
8,0.899788
16,1.838028
