Threads,Time (seconds)
1,0.308305
2,0.158694
4,0.09364
8,0.100003
16,0.113553
