Threads,Time (seconds)
1,1.686048
2,0.85873
4,0.454765
8,0.462912
16,0.417487
