Threads,Time (seconds)
1,0.409182
2,0.202699
4,0.113611
8,0.111842
16,0.105018
