Threads,Time (seconds)
1,0.074027
2,0.040015
4,0.025488
8,0.02589
16,0.034617
